reserve,k,ltv,fee,repeat,status,elapsed_ms,rss_before_bytes,rss_after_bytes,rss_delta_bytes
100,10000,0.5,0.0009,0,sat,30.5995,84267008,87629824,3362816
100,10000,0.5,0.0009,1,sat,29.6687,90427392,90533888,106496
100,10000,0.5,0.0009,2,sat,27.8849,90693632,90710016,16384
100,10000,0.5,0.0015,0,sat,25.5599,90718208,90804224,86016
100,10000,0.5,0.0015,1,sat,22.6092,90832896,90849280,16384
100,10000,0.5,0.0015,2,sat,19.8663,90988544,90988544,0
100,10000,0.5,0.003,0,sat,22.8633,91000832,91009024,8192
100,10000,0.5,0.003,1,sat,21.5424,91197440,91205632,8192
100,10000,0.5,0.003,2,sat,23.3685,91213824,91213824,0
100,10000,0.55,0.0009,0,sat,21.7991,91217920,91222016,4096
100,10000,0.55,0.0009,1,sat,25.2151,91254784,91254784,0
100,10000,0.55,0.0009,2,sat,32.2401,91258880,91262976,4096
100,10000,0.55,0.0015,0,sat,24.0231,91279360,91291648,12288
100,10000,0.55,0.0015,1,sat,24.2703,91308032,91312128,4096
100,10000,0.55,0.0015,2,sat,30.7382,91316224,91316224,0
100,10000,0.55,0.003,0,sat,28.0542,91324416,91328512,4096
100,10000,0.55,0.003,1,sat,23.4001,91340800,91344896,4096
100,10000,0.55,0.003,2,sat,17.9152,91348992,91348992,0
100,10000,0.6,0.0009,0,sat,44.364,91357184,91402240,45056
100,10000,0.6,0.0009,1,sat,48.7217,91439104,91439104,0
100,10000,0.6,0.0009,2,sat,44.6678,91443200,91443200,0
100,10000,0.6,0.0015,0,sat,40.5478,91447296,91451392,4096
100,10000,0.6,0.0015,1,sat,43.7417,91471872,91475968,4096
100,10000,0.6,0.0015,2,sat,52.6188,91475968,91475968,0
100,10000,0.6,0.003,0,sat,43.127,91475968,91475968,0
100,10000,0.6,0.003,1,sat,41.189,91488256,91488256,0
100,10000,0.6,0.003,2,sat,43.8363,91492352,91492352,0
100,10000,0.65,0.0009,0,sat,30.2838,91496448,91496448,0
100,10000,0.65,0.0009,1,sat,29.5668,91537408,91537408,0
100,10000,0.65,0.0009,2,sat,29.672,91541504,91541504,0
100,10000,0.65,0.0015,0,sat,32.3521,91541504,91541504,0
100,10000,0.65,0.0015,1,sat,30.1102,91553792,91553792,0
100,10000,0.65,0.0015,2,sat,29.824,91553792,91553792,0
100,10000,0.65,0.003,0,sat,15.1196,91553792,91553792,0
100,10000,0.65,0.003,1,sat,16.3459,91561984,91561984,0
100,10000,0.65,0.003,2,sat,19.3766,91566080,91566080,0
100,10000,0.7,0.0009,0,sat,15.9743,91598848,91598848,0
100,10000,0.7,0.0009,1,sat,15.7019,91639808,91639808,0
100,10000,0.7,0.0009,2,sat,14.6357,91648000,91648000,0
100,10000,0.7,0.0015,0,sat,20.5351,91648000,91648000,0
100,10000,0.7,0.0015,1,sat,14.9392,91656192,91656192,0
100,10000,0.7,0.0015,2,sat,14.0245,91660288,91660288,0
100,10000,0.7,0.003,0,sat,14.71,91668480,91668480,0
100,10000,0.7,0.003,1,sat,15.0815,91959296,91963392,4096
100,10000,0.7,0.003,2,sat,14.9725,91967488,92016640,49152
100,10000,0.75,0.0009,0,sat,13.4172,92016640,92033024,16384
100,10000,0.75,0.0009,1,sat,12.1317,92065792,92065792,0
100,10000,0.75,0.0009,2,sat,12.4453,92123136,92127232,4096
100,10000,0.75,0.0015,0,sat,16.1793,92127232,92188672,61440
100,10000,0.75,0.0015,1,sat,16.6697,92200960,92205056,4096
100,10000,0.75,0.0015,2,sat,12.1717,92209152,92209152,0
100,10000,0.75,0.003,0,sat,11.8353,92213248,92213248,0
100,10000,0.75,0.003,1,sat,11.1838,92282880,92295168,12288
100,10000,0.75,0.003,2,sat,11.253,92303360,92303360,0
100,10000,0.8,0.0009,0,sat,11.2978,92307456,92307456,0
100,10000,0.8,0.0009,1,sat,10.3623,92332032,92332032,0
100,10000,0.8,0.0009,2,sat,10.6718,92340224,92340224,0
100,10000,0.8,0.0015,0,sat,9.8943,92360704,92360704,0
100,10000,0.8,0.0015,1,sat,15.2642,92372992,92372992,0
100,10000,0.8,0.0015,2,sat,12.4362,92372992,92372992,0
100,10000,0.8,0.003,0,sat,12.7213,92372992,92372992,0
100,10000,0.8,0.003,1,sat,11.0028,92385280,92385280,0
100,10000,0.8,0.003,2,sat,10.0463,92389376,92389376,0
100,10000,0.85,0.0009,0,sat,26.4564,92389376,92389376,0
100,10000,0.85,0.0009,1,sat,27.3944,92409856,92409856,0
100,10000,0.85,0.0009,2,sat,25.6213,92409856,92409856,0
100,10000,0.85,0.0015,0,sat,40.8582,92409856,92409856,0
100,10000,0.85,0.0015,1,sat,43.2282,92418048,92418048,0
100,10000,0.85,0.0015,2,sat,42.0607,92418048,92418048,0
100,10000,0.85,0.003,0,sat,45.7304,92418048,92418048,0
100,10000,0.85,0.003,1,sat,36.2957,92438528,92438528,0
100,10000,0.85,0.003,2,sat,39.769,92438528,92438528,0
100,10000,0.9,0.0009,0,sat,14.1821,92454912,92454912,0
100,10000,0.9,0.0009,1,sat,15.3858,92475392,92479488,4096
100,10000,0.9,0.0009,2,sat,16.3342,92479488,92479488,0
100,10000,0.9,0.0015,0,sat,13.2792,92483584,92483584,0
100,10000,0.9,0.0015,1,sat,13.4993,92495872,92495872,0
100,10000,0.9,0.0015,2,sat,15.1477,92504064,92504064,0
100,10000,0.9,0.003,0,sat,19.0335,92504064,92504064,0
100,10000,0.9,0.003,1,sat,16.5423,92512256,92516352,4096
100,10000,0.9,0.003,2,sat,18.4253,92516352,92516352,0
100,10000,0.95,0.0009,0,sat,20.6764,92524544,92528640,4096
100,10000,0.95,0.0009,1,sat,17.6581,92569600,92581888,12288
100,10000,0.95,0.0009,2,sat,26.427,92585984,92585984,0
100,10000,0.95,0.0015,0,sat,18.0267,92708864,92712960,4096
100,10000,0.95,0.0015,1,sat,17.5109,92717056,92721152,4096
100,10000,0.95,0.0015,2,sat,22.1945,92733440,92733440,0
100,10000,0.95,0.003,0,sat,21.3778,92737536,92737536,0
100,10000,0.95,0.003,1,sat,17.4005,92753920,92753920,0
100,10000,0.95,0.003,2,sat,24.1857,92753920,92753920,0
1000,1000000,0.5,0.0009,0,sat,18.3429,92753920,92753920,0
1000,1000000,0.5,0.0009,1,sat,19.8747,92766208,92766208,0
1000,1000000,0.5,0.0009,2,sat,14.1757,92766208,92766208,0
1000,1000000,0.5,0.0015,0,sat,16.9831,92770304,92770304,0
1000,1000000,0.5,0.0015,1,sat,16.0754,92770304,92770304,0
1000,1000000,0.5,0.0015,2,sat,14.7954,92770304,92770304,0
1000,1000000,0.5,0.003,0,sat,18.9142,92770304,92770304,0
1000,1000000,0.5,0.003,1,sat,18.1767,92770304,92770304,0
1000,1000000,0.5,0.003,2,sat,20.0136,92770304,92770304,0
1000,1000000,0.55,0.0009,0,sat,18.5787,92770304,92774400,4096
1000,1000000,0.55,0.0009,1,sat,17.2524,92774400,92778496,4096
1000,1000000,0.55,0.0009,2,sat,21.8332,92782592,92782592,0
1000,1000000,0.55,0.0015,0,sat,15.9384,92790784,92790784,0
1000,1000000,0.55,0.0015,1,sat,16.1655,92790784,92790784,0
1000,1000000,0.55,0.0015,2,sat,13.8232,92790784,92790784,0
1000,1000000,0.55,0.003,0,sat,14.318,92794880,92794880,0
1000,1000000,0.55,0.003,1,sat,14.443,92794880,92794880,0
1000,1000000,0.55,0.003,2,sat,13.8736,92794880,92794880,0
1000,1000000,0.6,0.0009,0,sat,18.2829,92798976,92798976,0
1000,1000000,0.6,0.0009,1,sat,20.926,92807168,92807168,0
1000,1000000,0.6,0.0009,2,sat,16.9937,92807168,92807168,0
1000,1000000,0.6,0.0015,0,sat,22.5575,92811264,92811264,0
1000,1000000,0.6,0.0015,1,sat,15.9888,92811264,92811264,0
1000,1000000,0.6,0.0015,2,sat,15.6939,92815360,92815360,0
1000,1000000,0.6,0.003,0,sat,16.274,92819456,92819456,0
1000,1000000,0.6,0.003,1,sat,14.9348,92827648,92827648,0
1000,1000000,0.6,0.003,2,sat,15.3427,92831744,92831744,0
1000,1000000,0.65,0.0009,0,sat,17.6204,92831744,92831744,0
1000,1000000,0.65,0.0009,1,sat,16.2831,92839936,92844032,4096
1000,1000000,0.65,0.0009,2,sat,17.4479,92844032,92848128,4096
1000,1000000,0.65,0.0015,0,sat,17.2068,92856320,92856320,0
1000,1000000,0.65,0.0015,1,sat,18.3227,92856320,92856320,0
1000,1000000,0.65,0.0015,2,sat,19.0299,92856320,92856320,0
1000,1000000,0.65,0.003,0,sat,14.3876,92864512,92864512,0
1000,1000000,0.65,0.003,1,sat,14.73,92868608,92868608,0
1000,1000000,0.65,0.003,2,sat,16.5533,92872704,92872704,0
1000,1000000,0.7,0.0009,0,sat,20.165,92876800,92876800,0
1000,1000000,0.7,0.0009,1,sat,15.502,92889088,92893184,4096
1000,1000000,0.7,0.0009,2,sat,21.1597,92897280,92897280,0
1000,1000000,0.7,0.0015,0,sat,20.9479,92897280,92897280,0
1000,1000000,0.7,0.0015,1,sat,23.7294,92901376,92901376,0
1000,1000000,0.7,0.0015,2,sat,16.4592,92905472,92905472,0
1000,1000000,0.7,0.003,0,sat,17.041,92905472,92905472,0
1000,1000000,0.7,0.003,1,sat,20.3107,92909568,92909568,0
1000,1000000,0.7,0.003,2,sat,20.0605,92909568,92909568,0
1000,1000000,0.75,0.0009,0,sat,21.5714,92917760,92917760,0
1000,1000000,0.75,0.0009,1,sat,24.5025,92921856,92921856,0
1000,1000000,0.75,0.0009,2,sat,25.0147,92921856,92921856,0
1000,1000000,0.75,0.0015,0,sat,22.5731,92934144,92934144,0
1000,1000000,0.75,0.0015,1,sat,25.1646,92934144,92934144,0
1000,1000000,0.75,0.0015,2,sat,18.1449,92938240,92938240,0
1000,1000000,0.75,0.003,0,sat,18.3923,92938240,92938240,0
1000,1000000,0.75,0.003,1,sat,17.2385,92942336,92946432,4096
1000,1000000,0.75,0.003,2,sat,20.2056,92950528,92950528,0
1000,1000000,0.8,0.0009,0,sat,37.9989,92954624,92954624,0
1000,1000000,0.8,0.0009,1,sat,43.8261,92971008,92971008,0
1000,1000000,0.8,0.0009,2,sat,40.666,92971008,92971008,0
1000,1000000,0.8,0.0015,0,sat,24.7036,92971008,92971008,0
1000,1000000,0.8,0.0015,1,sat,25.0014,92971008,92975104,4096
1000,1000000,0.8,0.0015,2,sat,26.2637,92983296,92983296,0
1000,1000000,0.8,0.003,0,sat,31.2429,92987392,92987392,0
1000,1000000,0.8,0.003,1,sat,31.2353,92987392,92987392,0
1000,1000000,0.8,0.003,2,sat,32.6925,92987392,92987392,0
1000,1000000,0.85,0.0009,0,sat,41.8958,92995584,92995584,0
1000,1000000,0.85,0.0009,1,sat,41.7469,93007872,93007872,0
1000,1000000,0.85,0.0009,2,sat,34.4694,93007872,93011968,4096
1000,1000000,0.85,0.0015,0,sat,28.5668,93011968,93011968,0
1000,1000000,0.85,0.0015,1,sat,29.3801,93016064,93016064,0
1000,1000000,0.85,0.0015,2,sat,27.9445,93020160,93020160,0
1000,1000000,0.85,0.003,0,sat,34.616,93024256,93024256,0
1000,1000000,0.85,0.003,1,sat,25.8865,93028352,93028352,0
1000,1000000,0.85,0.003,2,sat,28.7032,93032448,93032448,0
1000,1000000,0.9,0.0009,0,sat,30.2137,93032448,93048832,16384
1000,1000000,0.9,0.0009,1,sat,31.334,93052928,93057024,4096
1000,1000000,0.9,0.0009,2,sat,32.5371,93065216,93065216,0
1000,1000000,0.9,0.0015,0,sat,28.382,93069312,93069312,0
1000,1000000,0.9,0.0015,1,sat,26.9393,93069312,93069312,0
1000,1000000,0.9,0.0015,2,sat,27.5789,93069312,93069312,0
1000,1000000,0.9,0.003,0,sat,24.6437,93077504,93077504,0
1000,1000000,0.9,0.003,1,sat,27.6768,93081600,93081600,0
1000,1000000,0.9,0.003,2,sat,24.4818,93081600,93081600,0
1000,1000000,0.95,0.0009,0,sat,21.841,93085696,93085696,0
1000,1000000,0.95,0.0009,1,sat,27.3382,93093888,93093888,0
1000,1000000,0.95,0.0009,2,sat,23.9334,93097984,93102080,4096
1000,1000000,0.95,0.0015,0,sat,23.0135,93106176,93106176,0
1000,1000000,0.95,0.0015,1,sat,20.4429,93110272,93110272,0
1000,1000000,0.95,0.0015,2,sat,22.9717,93110272,93110272,0
1000,1000000,0.95,0.003,0,sat,20.7952,93110272,93110272,0
1000,1000000,0.95,0.003,1,sat,21.0551,93110272,93110272,0
1000,1000000,0.95,0.003,2,sat,20.7755,93114368,93114368,0
10000,100000000,0.5,0.0009,0,unsat,2.1259,93114368,93114368,0
10000,100000000,0.5,0.0009,1,unsat,2.1506,93118464,93118464,0
10000,100000000,0.5,0.0009,2,unsat,1.824,93118464,93118464,0
10000,100000000,0.5,0.0015,0,unsat,2.0671,93118464,93118464,0
10000,100000000,0.5,0.0015,1,unsat,2.3566,93118464,93118464,0
10000,100000000,0.5,0.0015,2,unsat,2.1969,93126656,93126656,0
10000,100000000,0.5,0.003,0,unsat,2.1201,93126656,93126656,0
10000,100000000,0.5,0.003,1,unsat,1.95,93126656,93126656,0
10000,100000000,0.5,0.003,2,unsat,1.7483,93126656,93134848,8192
10000,100000000,0.55,0.0009,0,unsat,2.2697,93134848,93134848,0
10000,100000000,0.55,0.0009,1,unsat,2.372,93257728,93257728,0
10000,100000000,0.55,0.0009,2,unsat,1.8454,93265920,93265920,0
10000,100000000,0.55,0.0015,0,unsat,1.8256,93265920,93265920,0
10000,100000000,0.55,0.0015,1,unsat,1.7164,93265920,93265920,0
10000,100000000,0.55,0.0015,2,unsat,2.1693,93265920,93265920,0
10000,100000000,0.55,0.003,0,unsat,2.3655,93265920,93265920,0
10000,100000000,0.55,0.003,1,unsat,2.612,93282304,93282304,0
10000,100000000,0.55,0.003,2,unsat,1.9391,93282304,93282304,0
10000,100000000,0.6,0.0009,0,unsat,2.1174,93286400,93286400,0
10000,100000000,0.6,0.0009,1,unsat,1.7929,93290496,93290496,0
10000,100000000,0.6,0.0009,2,unsat,2.4274,93294592,93298688,4096
10000,100000000,0.6,0.0015,0,unsat,1.819,93298688,93298688,0
10000,100000000,0.6,0.0015,1,unsat,2.3396,93302784,93302784,0
10000,100000000,0.6,0.0015,2,unsat,2.4764,93306880,93306880,0
10000,100000000,0.6,0.003,0,unsat,2.0663,93315072,93315072,0
10000,100000000,0.6,0.003,1,unsat,2.3438,93319168,93319168,0
10000,100000000,0.6,0.003,2,unsat,2.1532,93319168,93319168,0
10000,100000000,0.65,0.0009,0,unsat,1.8727,93319168,93319168,0
10000,100000000,0.65,0.0009,1,unsat,2.0969,93327360,93327360,0
10000,100000000,0.65,0.0009,2,unsat,2.6561,93327360,93327360,0
10000,100000000,0.65,0.0015,0,unsat,1.8623,93327360,93327360,0
10000,100000000,0.65,0.0015,1,unsat,1.866,93331456,93331456,0
10000,100000000,0.65,0.0015,2,unsat,1.8208,93331456,93331456,0
10000,100000000,0.65,0.003,0,unsat,1.7195,93339648,93339648,0
10000,100000000,0.65,0.003,1,unsat,1.7012,93343744,93343744,0
10000,100000000,0.65,0.003,2,unsat,1.749,93343744,93343744,0
10000,100000000,0.7,0.0009,0,unsat,1.843,93343744,93343744,0
10000,100000000,0.7,0.0009,1,unsat,1.753,93360128,93360128,0
10000,100000000,0.7,0.0009,2,unsat,1.961,93360128,93360128,0
10000,100000000,0.7,0.0015,0,unsat,2.1869,93360128,93360128,0
10000,100000000,0.7,0.0015,1,unsat,1.8003,93364224,93368320,4096
10000,100000000,0.7,0.0015,2,unsat,2.0365,93372416,93372416,0
10000,100000000,0.7,0.003,0,unsat,1.765,93372416,93372416,0
10000,100000000,0.7,0.003,1,unsat,2.4007,93372416,93376512,4096
10000,100000000,0.7,0.003,2,unsat,1.9613,93380608,93380608,0
10000,100000000,0.75,0.0009,0,unsat,1.8429,93384704,93384704,0
10000,100000000,0.75,0.0009,1,unsat,2.3559,93392896,93392896,0
10000,100000000,0.75,0.0009,2,unsat,2.1733,93396992,93396992,0
10000,100000000,0.75,0.0015,0,unsat,2.4255,93401088,93401088,0
10000,100000000,0.75,0.0015,1,unsat,1.8699,93401088,93401088,0
10000,100000000,0.75,0.0015,2,unsat,2.6161,93409280,93409280,0
10000,100000000,0.75,0.003,0,unsat,1.8633,93409280,93409280,0
10000,100000000,0.75,0.003,1,unsat,1.8447,93409280,93409280,0
10000,100000000,0.75,0.003,2,unsat,1.8029,93409280,93409280,0
10000,100000000,0.8,0.0009,0,unsat,2.4141,93417472,93417472,0
10000,100000000,0.8,0.0009,1,unsat,2.5985,93421568,93421568,0
10000,100000000,0.8,0.0009,2,unsat,2.2707,93425664,93425664,0
10000,100000000,0.8,0.0015,0,unsat,2.1147,93429760,93429760,0
10000,100000000,0.8,0.0015,1,unsat,2.3767,93433856,93433856,0
10000,100000000,0.8,0.0015,2,unsat,2.1814,93433856,93433856,0
10000,100000000,0.8,0.003,0,unsat,1.9434,93437952,93437952,0
10000,100000000,0.8,0.003,1,unsat,2.123,93442048,93442048,0
10000,100000000,0.8,0.003,2,unsat,1.8904,93442048,93442048,0
10000,100000000,0.85,0.0009,0,sat,17.7684,93450240,93450240,0
10000,100000000,0.85,0.0009,1,sat,17.6093,93466624,93474816,8192
10000,100000000,0.85,0.0009,2,sat,14.2128,93474816,93478912,4096
10000,100000000,0.85,0.0015,0,sat,19.9209,93483008,93483008,0
10000,100000000,0.85,0.0015,1,sat,20.3675,93487104,93491200,4096
10000,100000000,0.85,0.0015,2,sat,29.0528,93499392,93499392,0
10000,100000000,0.85,0.003,0,unsat,26.9718,93499392,93499392,0
10000,100000000,0.85,0.003,1,unsat,22.3752,93503488,93503488,0
10000,100000000,0.85,0.003,2,unsat,25.0045,93503488,93548544,45056
10000,100000000,0.9,0.0009,0,sat,13.6037,93569024,93569024,0
10000,100000000,0.9,0.0009,1,sat,12.8419,93573120,93597696,24576
10000,100000000,0.9,0.0009,2,sat,14.7064,93609984,93609984,0
10000,100000000,0.9,0.0015,0,sat,14.0675,93609984,93609984,0
10000,100000000,0.9,0.0015,1,sat,14.245,93609984,93609984,0
10000,100000000,0.9,0.0015,2,sat,22.812,93609984,93614080,4096
10000,100000000,0.9,0.003,0,sat,18.3755,93618176,93618176,0
10000,100000000,0.9,0.003,1,sat,16.8847,93626368,93626368,0
10000,100000000,0.9,0.003,2,sat,19.4324,93663232,93663232,0
10000,100000000,0.95,0.0009,0,sat,17.5612,93663232,93667328,4096
10000,100000000,0.95,0.0009,1,sat,16.9644,93675520,93675520,0
10000,100000000,0.95,0.0009,2,sat,16.813,93675520,93679616,4096
10000,100000000,0.95,0.0015,0,sat,14.6986,93683712,93687808,4096
10000,100000000,0.95,0.0015,1,sat,14.5886,93687808,93687808,0
10000,100000000,0.95,0.0015,2,sat,19.1246,93687808,93687808,0
10000,100000000,0.95,0.003,0,sat,17.2892,93691904,93691904,0
10000,100000000,0.95,0.003,1,sat,15.2388,93696000,93696000,0
10000,100000000,0.95,0.003,2,sat,17.8846,93696000,93696000,0
